,Age,Salary
0,0.08108108108108109,0.4805963354956185
1,0.35135135135135137,0.4805963354956185
2,0.48648648648648657,0.13781722999886192
3,0.6216216216216217,0.21748036872652782
4,0.16216216216216223,0.33128485262319335
5,0.40540540540540543,0.4450893365198589
6,0.40540540540540543,0.5588938204165245
7,0.16216216216216223,0.67269830431319
8,0.4594594594594595,0.7865027882098555
9,0.7567567567567568,0.9003072721065212
10,0.16216216216216223,0.4805963354956185
11,0.4594594594594595,0.0
12,0.7567567567567568,0.4805963354956185
13,0.02702702702702703,0.016501650165016493
14,0.6216216216216217,0.21748036872652782
15,0.16216216216216223,0.21748036872652782
16,0.16216216216216223,0.2208945032434278
17,0.4594594594594595,0.4450893365198589
18,0.13513513513513514,0.4805963354956185
19,0.40540540540540543,0.4805963354956185
20,0.5405405405405406,0.2226015705018778
21,0.8918918918918919,0.23842039376351426
22,0.10810810810810806,0.4250597473540458
23,0.40540540540540543,0.5401160805735746
24,0.40540540540540543,0.6822578809605099
25,0.16216216216216223,0.8938204165244111
26,0.4594594594594595,0.8257653351542051
27,0.7567567567567568,0.9326277455331741
28,0.16216216216216223,1.0
29,0.48648648648648657,0.10754523728234892
30,0.783783783783784,0.7471264367816093
31,0.08108108108108109,0.2099692727893479
32,0.7567567567567568,0.33515420507568
33,0.5135135135135136,0.44895868897234553
34,0.24324324324324326,0.8094912939569819
35,0.48648648648648657,0.903038579720041
36,0.40540540540540543,0.4805963354956185
37,0.48648648648648657,0.4805963354956185
38,0.4594594594594595,0.13781722999886192
39,0.6486486486486487,0.21748036872652782
40,0.1891891891891892,0.37054739956754296
41,0.40540540540540543,0.4450893365198589
42,0.40540540540540543,0.5588938204165245
43,0.21621621621621617,0.67269830431319
44,0.48648648648648657,0.7865027882098555
45,0.783783783783784,0.9003072721065212
46,0.1891891891891892,0.4805963354956185
47,0.40540540540540543,0.0
48,0.7027027027027029,0.4805963354956185
49,0.05405405405405411,0.016501650165016493
50,0.6486486486486487,0.21748036872652782
51,0.1891891891891892,0.21748036872652782
52,0.10810810810810806,0.2208945032434278
53,0.48648648648648657,0.4450893365198589
54,0.10810810810810806,0.6208034596563106
55,0.40540540540540543,0.7471264367816093
56,0.5675675675675678,0.2226015705018778
57,0.9189189189189191,0.23842039376351426
58,0.16216216216216223,0.4250597473540458
59,0.40540540540540543,0.5401160805735746
60,0.40540540540540543,0.6822578809605099
61,0.21621621621621617,0.8938204165244111
62,0.5135135135135136,0.8257653351542051
63,0.6486486486486487,0.9326277455331741
64,0.21621621621621617,0.6206896551724138
65,0.37837837837837845,0.10754523728234892
66,0.6486486486486487,0.4805963354956185
67,0.10810810810810806,0.2099692727893479
68,0.7027027027027029,0.33515420507568
69,0.40540540540540543,0.44895868897234553
70,0.10810810810810806,0.8094912939569819
71,0.4594594594594595,0.903038579720041
72,0.1891891891891892,0.4805963354956185
73,0.4594594594594595,0.4805963354956185
74,0.5405405405405406,0.13781722999886192
75,0.7297297297297298,0.21748036872652782
76,0.40540540540540543,0.33128485262319335
77,0.40540540540540543,0.4450893365198589
78,0.40540540540540543,0.5588938204165245
79,0.24324324324324326,0.67269830431319
80,0.40540540540540543,0.7865027882098555
81,0.7027027027027029,0.9003072721065212
82,0.13513513513513514,0.4805963354956185
83,0.4324324324324324,0.0
84,0.7027027027027029,0.4805963354956185
85,0.0,0.016501650165016493
86,0.6486486486486487,0.21748036872652782
87,0.10810810810810806,0.21748036872652782
88,0.40540540540540543,0.2208945032434278
89,0.5135135135135136,0.4450893365198589
90,0.10810810810810806,0.4805963354956185
91,0.4594594594594595,0.4805963354956185
92,0.40540540540540543,0.2226015705018778
93,1.0000000000000002,0.23842039376351426
94,0.13513513513513514,0.4250597473540458
95,0.40540540540540543,0.5401160805735746
96,0.40540540540540543,0.6822578809605099
97,0.13513513513513514,0.8938204165244111
98,0.4324324324324324,0.8257653351542051
99,0.7297297297297298,0.9326277455331741
100,0.13513513513513514,0.4805963354956185
101,0.40540540540540543,0.10754523728234892
102,0.7297297297297298,0.4805963354956185
103,0.13513513513513514,0.2099692727893479
104,0.7297297297297298,0.33515420507568
105,0.4324324324324324,0.44895868897234553
106,0.13513513513513514,0.8094912939569819
107,0.40540540540540543,0.903038579720041
108,0.4324324324324324,0.4805963354956185
109,0.4324324324324324,0.4805963354956185
110,0.4324324324324324,0.13781722999886192
111,0.40540540540540543,0.24411061795834754
112,0.13513513513513514,0.36815750540571296
113,0.40540540540540543,0.49459428701490843
114,0.40540540540540543,0.5082508250825083
115,0.13513513513513514,0.8760669170365313
116,0.4324324324324324,0.8760669170365313
117,0.7297297297297298,1.0
118,0.13513513513513514,0.4805963354956185
119,0.4324324324324324,0.0
120,0.7297297297297298,0.4805963354956185
121,0.40540540540540543,0.016501650165016493
122,0.7297297297297298,0.24411061795834754
123,0.40540540540540543,0.269147604415614
124,0.13513513513513514,0.8760669170365313
125,0.4324324324324324,0.5195174689882782
126,0.08108108108108109,0.44611357687492886
127,0.35135135135135137,0.45624217594173205
128,0.4324324324324324,0.2226015705018778
129,0.8918918918918919,0.23842039376351426
130,0.10810810810810806,0.4250597473540458
131,0.40540540540540543,0.5401160805735746
132,0.40540540540540543,0.6822578809605099
133,0.13513513513513514,0.8938204165244111
134,0.37837837837837845,0.8257653351542051
135,0.6216216216216217,0.9326277455331741
136,0.40540540540540543,0.4805963354956185
137,0.37837837837837845,0.10754523728234892
138,0.7297297297297298,0.22123591669511777
139,0.13513513513513514,0.2099692727893479
140,0.7297297297297298,0.33515420507568
141,0.4324324324324324,0.44895868897234553
142,0.13513513513513514,0.8094912939569819
143,0.4324324324324324,0.903038579720041
144,0.13513513513513514,0.8760669170365313
145,0.7297297297297298,0.33515420507568
146,0.4324324324324324,0.44895868897234553
147,0.13513513513513514,0.8094912939569819
